<?xml version="1.0" encoding="UTF-8"?>
<addon id="plugin.video.anontv"
version="2.1.0"
name="AnonOps TV"
provider-name="Roman_V_M">
<requires>
  <import addon="xbmc.python" version="2.24.0"/>
</requires>
<extension point="xbmc.python.pluginsource" library="main.py">
  <provides>video</provides>
</extension>
<extension point="xbmc.addon.metadata">
  <summary lang="en">Anon Ops TV</summary>
  <description lang="en">Live TV Service provieded by KrYnoMoRe.</description>
  <disclaimer lang="en">This service does not log IP Addresses.</disclaimer>
  <assets>
    <icon>icon.png</icon>
    <fanart>fanart.jpg</fanart>
    <screenshot>resources\screenshot-01.jpg</screenshot>
    <screenshot>resources\screenshot-02.jpg</screenshot>
    <screenshot>resources\screenshot-03.jpg</screenshot>    
  </assets>
  <news>Updated with latest artwork metadata</news>
</extension>
</addon>
